week_end,id,hs300_return_pct,panic_drawdown_pct,close_rebound_pct,largecap_relative_pct,basket_turnover_bn,turnover_ratio_20w,share_flow_bn,share_flow_pct,year,week,next_week_return_pct,next_2w_return_pct,next_1m_return_pct,next_2m_return_pct,next_3m_return_pct,next_6m_return_pct,rescue_proxy,official_announcement,official_message_count,core_purchase_cluster_count,broad_rescue_cluster_count,confirmed_purchase,committed_purchase,liquidity_facility,regulatory_stabilization
2023-01-13,1,2.447466,0.173053,2.270484,2.656214,39.262783,,,,2023,2,0.892857,-0.168919,-2.775097,-4.584941,-2.750965,-6.129344,0,0,0,0,0,0,0,0,0
2023-01-20,2,0.892857,-1.472008,2.400196,-2.708667,59.762114,,16.343456,6.164674,2023,3,-1.052380,-1.865583,-2.894044,-3.707246,-3.731164,-2.702703,0,0,0,0,0,0,0,0,0
2023-02-03,3,-1.052380,-1.913418,0.877835,-3.050862,61.993429,,-2.820341,-1.004876,2023,5,-0.821852,-2.610587,-0.314237,-2.102972,-3.094029,-1.039401,0,0,0,0,0,0,0,0,0
2023-02-10,4,-0.821852,-1.909596,1.108921,-0.853235,54.107031,,-10.406892,-3.767344,2023,6,-1.803558,-1.048013,-3.460881,0.341215,-4.167681,-3.728978,0,0,0,0,0,0,0,0,0
2023-02-17,5,-1.803558,-1.901048,0.099379,0.692469,51.932739,,-9.196434,-3.530487,2023,7,0.769422,2.357906,-1.861503,1.365104,-2.109704,-4.393150,0,0,0,0,0,0,0,0,0
2023-02-24,6,0.769422,-0.024820,0.794439,-0.387709,51.616982,,-10.140777,-4.001603,2023,8,1.576355,-2.438423,-0.837438,-0.738916,-5.172413,-6.798030,0,0,0,0,0,0,0,0,0
2023-03-03,7,1.576355,-0.985222,2.587065,0.973338,42.221823,,1.700909,0.691049,2023,9,-3.952473,-4.122211,-1.794374,-2.400581,-6.328807,-6.353056,0,0,0,0,0,0,0,0,0
2023-03-10,8,-3.952473,-4.000970,0.050518,-2.546430,45.462048,,-6.695710,-2.788713,2023,10,-0.176723,1.641000,3.938399,1.211815,-2.953800,-3.837416,0,0,0,0,0,0,0,0,0
2023-03-17,9,-0.176723,-0.782631,0.610687,-0.414145,47.662823,0.920578,2.266302,0.968664,2023,11,1.820941,2.427921,3.287809,-0.556398,0.632271,-4.223572,0,0,0,0,0,0,0,0,0
2023-03-24,10,1.820941,-0.708144,2.547122,-1.399141,43.360070,0.840035,-6.123638,-2.534328,2023,12,0.596125,2.260308,0.099354,-2.036761,-3.452559,-5.191257,0,0,0,0,0,0,0,0,0
2023-03-31,11,0.596125,-1.117735,1.733233,-0.357621,46.438604,0.935510,-0.390396,-0.164445,2023,13,1.654321,0.839506,-0.617284,-4.938272,-4.148149,-7.061729,0,0,0,0,0,0,0,0,0
2023-04-07,12,1.654321,-0.123457,1.779975,-2.670011,37.972200,0.796684,-8.429059,-3.457162,2023,14,-0.801555,-2.113190,-2.623270,-6.169541,-6.048094,-9.254311,0,0,0,0,0,0,0,0,0
2023-04-14,13,-0.801555,-1.457372,0.665516,0.483686,44.365435,0.942928,-4.771783,-2.045141,2023,15,-1.322233,-1.444662,-3.721841,-5.876592,-3.232126,-12.291870,0,0,0,0,0,0,0,0,0
2023-04-21,14,-1.322233,-1.469148,0.149105,1.349588,45.939055,0.989243,-3.697217,-1.644427,2023,16,-0.124069,-0.521092,-2.133995,-1.265509,-3.473946,-9.776675,0,0,0,0,0,0,0,0,0
2023-04-28,15,-0.124069,-2.630273,2.573904,1.375004,52.316893,1.132674,12.379797,5.622100,2023,17,-0.397516,-2.310559,-4.347826,-3.428572,1.068322,-9.242236,0,0,0,0,0,0,0,0,0
2023-05-05,16,-0.397516,-0.894410,0.501379,1.846493,16.840542,0.362641,0.448316,0.194905,2023,18,-1.920678,-1.621352,-3.641806,-3.167873,2.120229,-8.830131,0,0,0,0,0,0,0,0,0
2023-05-12,17,-1.920678,-1.970566,0.050891,0.281901,48.264658,1.044942,6.082996,2.700416,2023,19,0.305188,-2.085453,-2.238047,-1.627671,0.457782,-7.578839,0,0,0,0,0,0,0,0,0
2023-05-19,18,0.305188,-0.254323,0.560938,-1.297260,39.668964,0.854224,4.453829,1.906604,2023,20,-2.383367,-2.053753,0.887424,0.202839,-2.332658,-8.595334,0,0,0,0,0,0,0,0,0
2023-05-26,19,-2.383367,-3.346856,0.996852,-1.790564,42.548785,0.921192,1.190032,0.508144,2023,21,0.337662,-0.155845,0.961038,1.038960,-1.714287,-7.844155,0,0,0,0,0,0,0,0,0
2023-06-02,20,0.337662,-1.688312,2.060766,-1.517015,45.869643,0.998489,9.957977,4.199971,2023,22,-0.491846,3.002848,0.491845,5.306755,-0.025887,-10.406419,0,0,0,0,0,0,0,0,0
2023-06-09,21,-0.491846,-2.070929,1.612477,1.664470,37.850203,0.824545,6.248536,2.554111,2023,23,3.511967,1.118626,0.624349,6.503642,-0.910510,-11.238292,0,0,0,0,0,0,0,0,0
2023-06-16,22,3.511967,-0.494277,4.026144,0.810900,39.498565,0.860454,-0.865075,-0.335869,2023,24,-2.312139,-2.437799,-0.678563,-0.728827,-4.825333,-14.400602,0,0,0,0,0,0,0,0,0
2023-06-21,23,-2.312139,-2.362403,0.051480,-0.295770,23.158840,0.507137,-1.344130,-0.537078,2023,25,-0.128634,-0.488809,0.077180,-0.900438,-1.800875,-9.981990,0,0,0,0,0,0,0,0,0
2023-06-30,24,-0.128634,-1.440700,1.331245,-0.311378,46.058054,1.025478,7.155502,2.885560,2023,26,-0.360639,1.803194,4.791344,-2.524472,-3.039670,-12.519318,0,0,0,0,0,0,0,0,0
2023-07-07,25,-0.360639,-0.592478,0.233221,0.875472,33.552183,0.747036,-2.506685,-0.989185,2023,27,2.171665,0.568769,5.842813,-0.155119,-3.412615,-13.417785,0,0,0,0,0,0,0,0,0
2023-07-14,26,2.171665,0.103413,2.066116,2.034989,33.098928,0.754602,4.368048,1.716521,2023,28,-1.568826,2.935222,-0.050607,-3.618421,-9.362348,-17.130565,0,0,0,0,0,0,0,0,0
2023-07-21,27,-1.568826,-1.948381,0.387097,1.126951,40.548734,0.943994,8.480482,3.341470,2023,29,4.575835,5.244216,-0.976864,-2.647815,-6.529562,-14.421592,0,0,0,0,0,0,0,0,0
2023-07-28,28,4.575835,-0.668380,5.279503,3.755509,50.864901,1.184160,7.538237,2.786930,2023,30,0.639135,-2.900688,-6.981317,-6.170107,-10.201572,-21.632250,0,0,0,0,0,0,0,0,0
2023-08-04,29,0.639135,-1.032448,1.689021,-0.955436,60.594896,1.410679,18.938195,6.755259,2023,31,-3.517342,-5.911089,-5.666829,-8.060576,-10.723008,-17.879822,0,0,0,0,0,0,0,0,0
2023-08-11,30,-3.517342,-3.566194,0.050659,0.338340,62.691470,1.459488,22.586476,7.820089,2023,32,-2.481013,-4.202532,-3.569621,-5.417721,-7.999998,-11.949366,0,0,0,0,0,0,0,0,0
2023-08-18,31,-2.481013,-2.506329,0.025967,0.363050,59.371545,1.366210,16.330006,5.385362,2023,33,-1.765317,0.259605,-1.687435,-7.009345,-6.412252,-8.359292,0,0,0,0,0,0,0,0,0
2023-08-25,32,-1.765317,-2.414330,0.665070,2.550481,65.491389,1.507035,9.881044,3.170355,2023,34,2.061311,0.660677,0.872094,-3.911204,-6.236784,-6.633190,0,0,0,0,0,0,0,0,0
2023-09-01,33,2.061311,0.687104,1.364829,-2.777873,98.887199,2.191768,17.318916,5.197897,2023,35,-1.372346,-1.941999,-2.537545,-5.411703,-10.383219,-7.793887,0,0,0,0,0,0,0,0,0
2023-09-08,34,-1.372346,-1.708959,0.342466,0.594246,61.104545,1.331128,-3.068536,-0.890690,2023,36,-0.577579,0.210030,-1.916512,-4.043054,-10.422682,-7.088473,0,0,0,0,0,0,0,0,0
2023-09-15,35,-0.577579,-1.050144,0.477580,0.287963,53.569916,1.165479,-6.471075,-1.907233,2023,37,0.792184,-0.607341,-5.413256,-4.040136,-10.060733,-6.891997,0,0,0,0,0,0,0,0,0
2023-09-22,36,0.792184,-1.373119,2.195448,1.320194,55.820917,1.214453,12.657189,3.785248,2023,38,-1.388525,-2.122085,-4.741943,-5.554099,-8.331149,-6.785432,0,0,0,0,0,0,0,0,0
2023-09-28,37,-1.388525,-1.598114,0.212993,-1.869843,43.167802,0.915321,4.391469,1.274629,2023,39,-0.743889,-4.835281,-2.948990,-5.738574,-9.776832,-7.917107,0,0,0,0,0,0,0,0,0
2023-10-13,38,-0.743889,-1.354942,0.619445,-0.473287,49.116430,1.068588,0.582533,0.167737,2023,41,-4.122056,-2.676660,-2.168094,-7.360813,-10.358671,-5.487150,0,1,1,1,1,1,0,0,0
2023-10-20,39,-4.122056,-4.577088,0.476858,-0.135131,56.811507,1.193839,-5.412310,-1.618110,2023,42,1.507538,1.982133,1.451704,-4.745951,-8.570630,-0.251253,0,0,0,0,0,0,0,0,0
2023-10-27,40,1.507538,-1.954216,3.530752,0.134356,72.558675,1.451444,1.734986,0.521397,2023,43,0.467547,0.522553,-0.852584,-6.325632,-8.443343,-1.045102,0,1,1,1,1,1,0,0,0
2023-11-03,41,0.467547,-0.440044,0.911602,-0.152162,48.749593,0.933589,-0.137484,-0.040805,2023,44,0.054750,-0.520120,-2.874349,-4.215712,-12.729263,0.136876,0,0,0,0,0,0,0,0,0
2023-11-10,42,0.054750,-0.273748,0.329399,-1.958921,50.158041,0.960562,-5.202244,-1.537221,2023,45,-0.574555,-1.367989,-5.307797,-7.086183,-8.016416,0.574557,0,0,0,0,0,0,0,0,0
2023-11-17,43,-0.574555,-1.176471,0.609081,-1.622722,51.406159,0.984464,-1.236633,-0.371557,2023,46,-0.798019,-2.366538,-6.108971,-7.842598,-4.292791,-0.880572,0,0,0,0,0,0,0,0,0
2023-11-24,44,-0.798019,-1.073198,0.278164,1.218370,44.972393,0.856812,0.243704,0.074459,2023,47,-1.581137,-3.994452,-5.520111,-9.153953,-2.080444,-0.638002,0,0,0,0,0,0,0,0,0
2023-12-01,45,-1.581137,-2.385576,0.824098,-2.682348,43.092331,0.820993,3.070037,0.948110,2023,48,-2.452086,-3.833146,-1.381060,-6.172492,-0.422774,0.789178,0,1,1,1,1,1,0,0,0
2023-12-08,46,-2.452086,-3.297632,0.874381,-1.600515,45.055242,0.858391,-0.696744,-0.216861,2023,49,-1.415776,-1.589136,-1.878070,-7.887893,2.889339,2.687085,0,0,0,0,0,0,0,0,0
2023-12-15,47,-1.415776,-1.618029,0.205580,-0.339100,51.364885,0.978602,4.906191,1.552047,2023,50,-0.175850,2.549824,-1.846424,-1.465416,3.722158,3.048066,0,0,0,0,0,0,0,0,0
2023-12-22,48,-0.175850,-1.758499,1.610979,2.742828,56.704187,1.080326,19.337355,6.050577,2023,51,2.730476,-0.293599,-3.846153,2.113917,3.523195,2.378157,0,0,0,0,0,0,0,0,0
2023-12-29,49,2.730476,-0.822079,3.582001,0.531812,62.567336,1.143923,14.507540,4.195947,2023,52,-2.943698,-4.286939,-4.858531,0.885967,1.686197,-1.171763,0,0,0,0,0,0,0,0,0
2024-01-05,50,-2.943698,-3.486710,0.562630,1.222885,44.936411,0.821575,-6.966350,-2.001178,2024,1,-1.383981,-3.563015,-6.124853,4.034157,2.061249,3.621908,0,0,0,0,0,0,0,0,0
2024-01-12,51,-1.383981,-1.884570,0.510204,1.085549,50.658304,0.965140,0.857867,0.256643,2024,2,-2.209615,-0.597193,0.388175,6.330248,5.434459,7.494774,0,0,0,0,0,0,0,0,0
2024-01-19,52,-2.209615,-5.464318,3.442830,2.503083,89.689248,1.745419,20.170893,6.124446,2024,3,1.648855,-2.656488,6.198473,8.061069,9.099238,6.076336,1,0,0,0,0,0,0,0,0
2024-01-26,53,1.648855,-2.717557,4.488387,3.276154,88.364529,1.719639,25.921515,7.357936,2024,4,-4.235506,0.991288,6.037849,5.917693,8.080506,3.544608,1,0,0,0,0,0,0,0,0
2024-02-02,54,-4.235506,-6.818865,2.772405,6.790207,76.625159,1.491182,20.864062,5.867898,2024,5,5.457967,9.096612,10.821831,11.606023,14.742787,6.430363,0,0,1,0,1,0,0,0,1
2024-02-08,55,5.457967,-2.415307,8.068145,-5.844370,131.770672,2.564354,60.852699,15.052849,2024,6,3.450327,4.997025,5.919096,3.093398,9.339680,1.427722,1,1,2,1,1,1,0,0,1
2024-02-23,56,3.450327,-0.208209,3.666170,1.150590,74.179557,1.443589,-4.095053,-0.856622,2024,8,1.495112,1.581369,1.753882,1.523866,3.565268,-2.443933,0,0,0,0,0,0,0,0,0
2024-03-01,57,1.495112,-1.293847,2.825517,-4.167210,81.147653,1.579193,1.408073,0.290585,2024,9,0.084986,0.878188,-0.113313,1.218132,1.473089,-3.909348,0,0,0,0,0,0,0,0,0
2024-03-08,58,0.084986,-0.736544,0.827626,1.310469,77.628641,1.436100,9.820694,2.026264,2024,10,0.792528,0.169828,0.707615,1.839798,1.217097,-6.538352,0,0,0,0,0,0,0,0,0
2024-03-15,59,0.792528,-0.311350,1.107325,-1.778397,55.659628,0.980651,0.849976,0.170218,2024,11,-0.617804,-0.982870,-2.667789,2.723955,-0.196574,-9.351306,0,0,0,0,0,0,0,0,0
2024-03-22,60,-0.617804,-1.376018,0.768793,0.199568,49.056857,0.873179,-4.063961,-0.820387,2024,12,-0.367335,0.536875,-0.226051,3.871151,-0.649901,-7.487991,0,0,0,0,0,0,0,0,0
2024-03-29,61,-0.367335,-1.638881,1.292732,2.772955,49.899553,0.932129,-1.620731,-0.333418,2024,13,0.907544,-1.701645,1.332956,2.155417,-1.106069,9.727736,0,0,0,0,0,0,0,0,0
2024-04-03,62,0.907544,0.368690,0.536875,0.031937,28.569105,0.533674,0.003321,0.000681,2024,14,-2.585722,-0.758853,1.124228,0.674537,-2.810568,18.971332,0,0,0,0,0,0,0,0,0
2024-04-12,63,-2.585722,-2.838673,0.260341,0.148950,39.189405,0.732062,-4.897173,-1.028602,2024,15,1.875361,3.087133,5.539527,3.173687,1.529140,14.743220,0,0,0,0,0,0,0,0,0
2024-04-19,64,1.875361,-0.057703,1.934180,2.697184,54.881038,1.025579,0.074688,0.015665,2024,16,1.189465,1.897480,4.106485,0.651373,1.954119,13.735485,0,0,0,0,0,0,0,0,0
2024-04-26,65,1.189465,-1.189465,2.407567,-1.138186,45.061473,0.815292,10.306112,2.127961,2024,17,0.699692,2.378953,0.811642,-1.595299,-2.770782,13.070249,0,0,0,0,0,0,0,0,0
2024-04-30,66,0.699692,-0.027988,0.727884,-1.164472,25.825560,0.467259,7.027998,1.408031,2024,18,1.667593,2.167871,-0.444692,-3.085048,-4.196777,10.589216,0,0,0,0,0,0,0,0,0
2024-05-10,67,1.667593,0.555864,1.105583,0.628674,51.523754,0.932214,-10.645077,-2.073408,2024,19,0.492072,-1.530892,-2.241662,-5.467469,-7.244397,14.652816,0,0,0,0,0,0,0,0,0
2024-05-17,68,0.492072,-1.120831,1.631186,1.885816,46.111766,0.834295,-5.202714,-1.037202,2024,20,-2.013058,-2.557128,-3.318825,-4.270947,-7.236127,10.310121,0,0,0,0,0,0,0,0,0
2024-05-24,69,-2.013058,-2.121872,0.111173,1.509833,44.865479,0.843298,-2.034210,-0.420488,2024,21,-0.555247,-0.721821,-2.387563,-0.055525,-5.802333,9.744588,0,0,0,0,0,0,0,0,0
2024-05-31,70,-0.555247,-0.610772,0.055866,-1.288595,38.141089,0.746532,0.345136,0.071620,2024,22,-0.167504,-0.781686,-2.652150,-3.015076,-5.304300,11.697378,0,0,0,0,0,0,0,0,0
2024-06-07,71,-0.167504,-0.753769,0.590717,1.722696,42.920670,0.840082,1.014091,0.211559,2024,23,-0.615213,-1.677853,-3.299777,-3.607383,-7.662193,13.450785,0,0,0,0,0,0,0,0,0
2024-06-14,72,-0.615213,-1.649888,1.052033,-1.964055,34.874193,0.687696,5.875432,1.224179,2024,24,-1.069218,-1.885200,-0.984806,-4.530108,-9.172763,13.111989,0,0,0,0,0,0,0,0,0
2024-06-21,73,-1.069218,-1.716376,0.658460,0.393923,46.895225,0.947796,4.591172,0.954852,2024,25,-0.824801,-1.649601,2.389078,-3.014790,-6.882821,14.277591,0,0,0,0,0,0,0,0,0
2024-06-28,74,-0.824801,-1.621160,0.809483,3.636349,69.100234,1.440307,18.383194,3.863361,2024,26,-0.831660,0.917694,-0.372814,-2.695727,10.954976,16.633212,0,0,0,0,0,0,0,0,0
2024-07-05,75,-0.831660,-1.691999,0.875146,1.045442,48.749741,1.016127,3.550880,0.725523,2024,27,1.764025,4.106419,-0.318104,-1.908618,22.411798,11.885485,0,0,0,0,0,0,0,0,0
2024-07-12,76,1.764025,-1.156738,2.954944,0.056735,45.327134,0.947821,5.674258,1.130157,2024,28,2.301790,-1.278773,-3.580563,-6.166525,13.015062,8.638820,0,0,1,0,1,0,0,0,1
2024-07-19,77,2.301790,-0.312589,2.622577,1.549718,88.603360,1.905305,37.699075,7.282195,2024,29,-3.500000,-4.250000,-5.277778,-10.333333,11.555557,8.277781,0,0,0,0,0,0,0,0,0
2024-07-26,78,-3.500000,-4.416667,0.959024,-0.592001,58.826647,1.264994,22.657175,4.225040,2024,30,-0.777202,-2.331607,-2.331606,-5.757052,16.292460,13.097298,0,0,0,0,0,0,0,0,0
2024-08-02,79,-0.777202,-1.640760,0.877963,-2.164760,54.680715,1.175841,15.578213,2.787138,2024,31,-1.566580,-1.073397,-1.595590,12.242530,15.433712,13.344941,0,0,0,0,0,0,0,0,0
2024-08-09,80,-1.566580,-1.914708,0.354925,0.736548,53.019101,1.140110,8.588987,1.520224,2024,32,0.501032,0.000000,-2.681992,24.756853,23.607430,17.536108,0,0,0,0,0,0,0,0,0
2024-08-16,81,0.501032,-0.943118,1.457899,1.637304,47.181213,1.014573,10.315270,1.793337,2024,33,-0.498534,-0.527859,-5.337243,16.627567,18.914958,18.299123,0,0,0,0,0,0,0,0,0
2024-08-23,82,-0.498534,-1.143695,0.652625,2.923244,45.192203,0.971802,13.536794,2.336772,2024,34,-0.029472,-2.681992,-3.507220,18.361333,16.504571,20.100210,0,0,0,0,0,0,0,0,0
2024-08-30,83,-0.029472,-1.562039,1.556886,-2.449302,59.888456,1.287827,23.077912,3.875010,2024,35,-2.653302,-4.834906,14.062500,19.103775,17.954012,17.747644,0,0,0,0,0,0,0,0,0
2024-09-06,84,-2.653302,-2.712264,0.060606,0.079887,46.959221,0.998321,0.845761,0.140775,2024,36,-2.241066,-0.847971,28.195034,20.502727,22.864933,22.319809,0,0,0,0,0,0,0,0,0
2024-09-13,85,-2.241066,-2.271351,0.030989,-0.419042,39.804261,0.848213,6.802853,1.156197,2024,37,1.425031,19.857497,23.203222,29.925653,24.535319,27.199507,0,1,1,1,1,1,0,0,0
2024-09-20,86,1.425031,-0.402726,1.835148,0.978379,40.035334,0.853137,8.016273,1.332416,2024,38,18.173488,29.291387,22.663410,23.854615,22.724499,22.480149,0,0,0,0,0,0,0,0,0
2024-09-27,87,18.173488,-0.335980,18.571866,-1.215213,122.823368,2.617316,40.623256,5.636233,2024,39,9.408116,2.791419,4.419748,2.171106,5.117604,3.592662,0,0,0,0,0,0,0,0,0
2024-09-30,88,9.408116,0.180925,9.210526,-4.926598,74.984324,1.597885,35.712539,4.265082,2024,40,-6.047720,-5.126387,-6.000471,-5.480744,-8.599100,-6.472949,0,0,0,0,0,0,0,0,0
2024-10-11,89,-6.047720,-7.323411,1.376498,0.000579,266.483279,5.661399,27.648641,3.344168,2024,41,0.980639,1.584109,5.456375,2.011568,-3.872264,-3.444807,1,0,0,0,0,0,0,0,0
2024-10-18,90,0.980639,-3.293940,4.420177,-5.759811,179.899092,3.750595,-19.674203,-2.244620,2024,42,0.597610,-0.921314,0.971117,0.099603,-2.938245,-3.560756,0,0,2,0,1,0,0,1,0
2024-10-25,91,0.597610,-0.896414,1.507538,-2.279126,144.997358,2.849543,-29.077969,-3.358522,2024,43,-1.509901,3.811881,-2.153465,-0.544553,-2.747523,-3.910891,0,0,0,0,0,0,0,0,0
2024-11-01,92,-1.509901,-2.524752,1.041138,0.580027,119.263267,2.214735,-11.252642,-1.366777,2024,44,5.403368,1.910028,0.552904,2.211612,-1.809498,-2.839909,0,0,0,0,0,0,0,0,0
2024-11-08,93,5.403368,-0.201056,5.615714,-3.030036,145.244079,2.559201,-2.641436,-0.306757,2024,45,-3.314258,-5.746304,-3.266571,-7.749164,-4.911778,-5.937053,0,0,0,0,0,0,0,0,0
2024-11-15,94,-3.314258,-3.433476,0.123457,0.918712,129.615325,2.183637,-17.788320,-2.152420,2024,46,-2.515413,-1.331689,-0.863132,-5.721331,-0.517879,-1.627621,0,0,0,0,0,0,0,0,0
2024-11-22,95,-2.515413,-2.688039,0.177395,-0.340162,100.408699,1.691591,-19.208907,-2.434103,2024,47,1.214268,2.630914,1.644321,-1.391348,3.086264,0.885403,0,0,0,0,0,0,0,0,0
2024-11-29,96,1.214268,-1.492537,2.747817,-1.719029,86.219813,1.278535,-0.316843,-0.040489,2024,48,1.399650,0.474881,1.649588,-1.799550,-0.174956,-1.049739,0,0,0,0,0,0,0,0,0
2024-12-06,97,1.399650,-0.349913,1.755706,-1.442081,83.937660,1.041383,-1.643676,-0.207812,2024,49,-0.912004,-0.961301,-4.633966,-3.697313,-0.443678,-1.750063,0,0,0,0,0,0,0,0,0
2024-12-13,98,-0.912004,-1.109194,0.199402,-0.344420,107.902974,1.357936,5.505318,0.703466,2024,50,-0.049751,1.169154,-4.900497,-0.796019,2.139303,-0.995027,0,0,0,0,0,0,0,0,0
2024-12-20,99,-0.049751,-0.970149,0.929415,0.399921,77.334627,0.908977,-7.782383,-0.987147,2024,51,1.219512,-3.708312,-2.986561,0.398208,-0.199105,-3.484322,0,0,0,0,0,0,0,0,0
2024-12-27,100,1.219512,-0.074664,1.295143,1.958269,83.466960,0.981055,-6.702578,-0.851008,2024,52,-4.868453,-5.999508,-3.393164,0.196705,-1.450701,-2.557170,0,0,0,0,0,0,0,0,0
2025-01-03,101,-4.868453,-5.261864,0.415261,3.517339,81.585122,0.958937,3.445019,0.467956,2025,1,-1.188938,0.749547,0.982166,3.230809,2.326182,4.212972,0,0,0,0,0,0,0,0,0
2025-01-10,102,-1.188938,-1.395709,0.209699,-0.593801,76.255091,0.896288,-9.529293,-1.299732,2025,2,1.961810,2.772692,4.315982,5.650013,0.444676,6.696310,0,0,0,0,0,0,0,0,0
2025-01-17,103,1.961810,-0.784724,2.768257,-1.038244,76.533328,0.899559,4.689843,0.636475,2025,3,0.795280,0.230888,3.488969,5.336069,-0.641355,6.003076,0,0,0,0,0,0,0,0,0
2025-01-24,104,0.795280,-0.769625,1.577042,-0.929429,70.410337,0.827590,2.572479,0.344168,2025,4,-0.559939,1.501654,3.715958,2.061592,-1.196234,6.973782,0,0,0,0,0,0,0,0,0
2025-01-27,105,-0.559939,-0.636294,0.076844,1.474064,16.688096,0.196149,-5.337308,-0.717089,2025,5,2.073202,3.250576,2.226772,2.585103,-1.049400,5.784487,0,0,0,0,0,0,0,0,0
2025-02-07,106,2.073202,-0.716662,2.810003,-3.870142,56.905608,0.668858,0.891510,0.117196,2025,6,1.153460,2.181544,1.278836,-0.727182,-1.078236,4.889666,0,0,0,0,0,0,0,0,0
2025-02-14,107,1.153460,-0.702106,1.868687,0.162125,73.818270,0.867647,-14.566928,-1.886909,2025,7,1.016361,-0.991572,1.784829,-4.809123,-1.115519,6.470002,0,0,0,0,0,0,0,0,0
2025-02-21,108,1.016361,-0.941993,1.976977,-3.120428,85.093307,1.016618,-19.735413,-2.555036,2025,8,-1.987730,-0.883436,-1.595093,-4.957056,-2.134970,9.914108,0,0,0,0,0,0,0,0,0
2025-02-28,109,-1.987730,-2.282209,0.301356,0.920602,84.719207,1.002410,-13.927334,-1.889856,2025,9,1.126690,2.804206,0.350526,-2.804207,-0.876316,15.197793,0,0,0,0,0,0,0,0,0
2025-03-07,110,1.126690,-1.051577,2.201417,-1.859275,74.884785,0.888013,-6.408058,-0.871166,2025,10,1.658826,-0.718000,-1.980689,-4.283240,-1.312208,12.750678,0,0,0,0,0,0,0,0,0
2025-03-14,111,1.658826,-1.213172,2.907268,1.767790,72.735647,0.868980,1.863535,0.252226,2025,11,-2.338042,-2.386751,-6.478325,-3.921092,-3.068681,12.542618,0,0,0,0,0,0,0,0,0
2025-03-21,112,-2.338042,-2.581588,0.250000,0.668383,60.338545,0.731146,-1.662035,-0.230363,2025,12,-0.049875,-1.271820,-3.416459,-0.523691,-3.291772,14.812964,0,0,0,0,0,0,0,0,0
2025-03-28,113,-0.049875,-0.374065,0.325407,1.519517,53.279434,0.670520,-0.567496,-0.079179,2025,13,-1.222555,-4.191617,-3.143713,-0.499003,-1.122756,16.042910,0,0,0,0,0,0,0,0,0
2025-04-03,114,-1.222555,-1.621756,0.405782,0.171236,41.085078,0.534030,3.987216,0.562815,2025,14,-3.005810,-2.172266,-2.349079,-0.000001,1.843898,19.752459,0,0,0,0,0,0,0,0,0
2025-04-11,115,-3.005810,-8.966911,6.548280,1.326768,165.386080,2.164903,72.364979,10.454063,2025,15,0.859375,1.093750,2.734375,3.802082,6.223957,22.890622,1,1,4,1,1,1,1,0,0
2025-04-18,116,0.859375,-0.755208,1.626870,1.589722,74.503686,0.975253,20.857286,2.711127,2025,16,0.232378,-0.180739,2.995094,2.762715,6.687321,19.390651,0,0,0,0,0,0,0,0,0
2025-04-25,117,0.232378,-0.413116,0.648172,-0.965611,42.777625,0.566067,-3.013370,-0.380173,2025,17,-0.412159,1.622875,2.730551,-0.103041,8.268932,22.874804,0,0,0,0,0,0,0,0,0
2025-04-30,118,-0.412159,-0.515198,0.103573,-0.872534,21.899250,0.293185,-3.973157,-0.504296,2025,18,2.043456,3.181583,2.405587,2.509052,6.906362,23.021208,0,0,0,0,0,0,0,0,0
2025-05-09,119,2.043456,0.362131,1.675258,0.816029,42.104779,0.567748,-0.234079,-0.029354,2025,19,1.115336,1.089987,1.039289,2.205322,6.032952,21.546258,0,0,0,0,0,0,0,0,0
2025-05-16,120,1.115336,0.304183,0.808693,1.676827,52.847557,0.721203,-4.808861,-0.599409,2025,20,-0.025069,-0.752069,-0.225622,2.256203,7.671094,18.851840,0,0,0,0,0,0,0,0,0
2025-05-23,121,-0.025069,-0.601655,0.580076,1.077651,35.130469,0.490834,-1.831057,-0.230497,2025,21,-0.727182,-0.050151,-2.758276,3.610831,12.311934,14.443327,0,0,0,0,0,0,0,0,0
2025-05-30,122,-0.727182,-1.404213,0.686673,-1.311873,44.042017,0.673689,2.935014,0.371787,2025,22,0.681990,0.530436,0.101035,6.163171,16.216214,17.075017,0,0,0,0,0,0,0,0,0
2025-06-06,123,0.681990,-0.429401,1.116185,-1.302425,25.729599,0.438906,-1.238225,-0.154833,2025,23,-0.150527,-2.709483,1.154038,3.687907,14.249873,17.862516,0,0,0,0,0,0,0,0,0
2025-06-13,124,-0.150527,-0.702459,0.555836,0.779802,44.312598,0.804331,-0.303915,-0.038235,2025,24,-2.562814,-0.427136,2.487437,5.100502,16.105526,17.939696,0,0,0,0,0,0,0,0,0
2025-06-20,125,-2.562814,-2.939698,0.388299,0.424195,40.199851,0.757580,5.159395,0.660737,2025,25,2.191851,3.971118,6.549768,10.752965,18.720988,20.887052,0,0,0,0,0,0,0,0,0
2025-06-27,126,2.191851,-0.412584,2.615225,-2.127602,64.800210,1.221182,-4.566061,-0.565786,2025,26,1.741105,2.927076,6.056018,13.020439,17.360584,20.716627,0,0,0,0,0,0,0,0,0
2025-07-04,127,1.741105,-0.176634,1.921132,1.259952,45.691877,0.861079,-11.435353,-1.407537,2025,27,1.165675,2.480159,2.504960,14.112103,17.584324,17.881943,0,0,0,0,0,0,0,0,0
2025-07-11,128,1.165675,-0.669643,1.847690,-0.707915,47.492662,0.963932,6.096227,0.750447,2025,28,1.299338,3.039960,2.549644,11.645010,15.690119,19.759743,0,0,0,0,0,0,0,0,0
2025-07-18,129,1.299338,-0.637411,1.949173,-0.421042,47.749590,1.024839,-5.302444,-0.640702,2025,29,1.718296,0.024201,3.944821,11.834462,11.907066,17.594383,0,0,0,0,0,0,0,0,0
2025-07-25,130,1.718296,0.048403,1.669086,-1.989374,62.916905,1.350372,-0.224499,-0.026721,2025,30,-1.665477,-0.475851,6.566738,9.540803,13.490363,11.920055,0,0,0,0,0,0,0,0,0
2025-08-01,131,-1.665477,-2.022365,0.364254,-0.384460,63.119825,1.354727,-11.014820,-1.330638,2025,31,1.209775,3.919671,11.323493,12.533267,15.073795,13.984997,0,0,0,0,0,0,0,0,0
2025-08-08,132,1.209775,-0.387128,1.603109,-0.406437,41.176044,0.883753,-4.738841,-0.572657,2025,32,2.677504,7.076261,8.869232,13.339707,14.630647,11.140328,0,0,0,0,0,0,0,0,0
2025-08-15,133,2.677504,0.000000,2.677504,-2.385461,68.580891,1.523944,2.621332,0.308823,2025,33,4.284051,7.124563,7.590221,9.871943,10.384167,8.754363,0,0,0,0,0,0,0,0,0
2025-08-22,134,4.284051,-0.651921,4.968362,-3.359587,99.919596,2.220325,-5.344612,-0.598121,2025,34,2.723822,1.674481,2.790801,3.237330,1.897744,5.492295,0,0,0,0,0,0,0,0,0
2025-08-29,135,2.723822,-0.602813,3.346810,-1.488000,123.267695,2.645668,-18.328550,-2.007921,2025,35,-1.021517,0.434688,1.086720,3.673114,0.738969,1.434469,0,0,0,0,0,0,0,0,0
2025-09-05,136,-1.021517,-4.020865,3.125000,2.337457,94.443041,2.027011,-4.076874,-0.464087,2025,36,1.471234,1.097936,4.106280,4.435661,3.162055,2.700920,0,0,0,0,0,0,0,0,0
2025-09-12,137,1.471234,-1.141853,2.643270,-2.660896,76.270900,1.636986,-9.130150,-1.022448,2025,37,-0.367886,0.649209,2.120753,3.765419,1.579744,-0.973817,0,0,0,0,0,0,0,0,0
2025-09-19,138,-0.367886,-1.449903,1.097936,-1.881147,78.634113,1.651244,-8.991349,-1.020940,2025,38,1.020851,2.975673,0.434405,2.975674,1.824499,-2.085145,0,0,0,0,0,0,0,0,0
2025-09-26,139,1.020851,-0.999131,2.040369,-1.352767,73.399873,1.459283,-6.542633,-0.740513,2025,39,1.935068,1.462052,2.558590,-1.870565,2.859600,-4.235649,0,0,0,0,0,0,0,0,0
2025-09-30,140,1.935068,-0.236508,2.176724,-0.830693,32.807774,0.566802,3.074689,0.343487,2025,40,-0.464037,-2.467833,0.316389,-2.235815,0.253111,-2.088168,0,0,0,0,0,0,0,0,0
2025-10-10,141,-0.464037,-0.780426,0.318878,0.661076,37.824046,0.683568,5.344947,0.598690,2025,41,-2.013138,1.080737,1.610511,-0.445010,3.517694,0.423818,0,0,0,0,0,0,0,0,0
2025-10-17,142,-2.013138,-2.606484,0.609225,4.290465,86.477221,1.562844,-6.086595,-0.696459,2025,42,3.157439,2.854671,2.530277,1.513840,5.082178,3.416953,0,0,0,0,0,0,0,0,0
2025-10-24,143,3.157439,0.000000,3.157439,-1.804835,71.627047,1.136606,-3.750075,-0.417664,2025,43,-0.293501,0.524109,-4.318658,-1.719079,-1.383649,1.132075,0,0,0,0,0,0,0,0,0
2025-10-31,144,-0.293501,-0.314465,0.021030,-0.251811,76.235613,1.191926,12.285996,1.379384,2025,44,0.820017,-0.315391,-2.544155,0.588729,-0.946174,2.733388,0,0,0,0,0,0,0,0,0
2025-11-07,145,0.820017,-1.850294,2.720651,0.628308,63.403381,0.950710,-14.635202,-1.610921,2025,45,-1.126173,-4.817519,-2.022941,-0.875913,-3.044840,1.730968,0,0,0,0,0,0,0,0,0
2025-11-14,146,-1.126173,-1.334724,0.211372,1.320367,48.094765,0.721163,2.454502,0.277726,2025,46,-3.733390,-2.235816,-0.991353,3.037333,-1.476483,2.552203,0,0,0,0,0,0,0,0,0
2025-11-21,147,-3.733390,-3.775575,0.043840,2.498472,70.205376,1.063845,16.383012,1.927764,2025,47,1.555653,2.936021,2.716914,6.463627,3.527606,7.865907,0,0,0,0,0,0,0,0,0
2025-11-28,148,1.555653,-0.679229,2.250165,-2.313593,65.111729,0.938302,-7.336034,-0.831463,2025,48,1.359223,1.272923,3.214670,1.488672,0.690398,4.487594,0,0,0,0,0,0,0,0,0
2025-12-05,149,1.359223,-0.151025,1.512532,0.667658,45.678021,0.658250,1.550696,0.175355,2025,49,-0.085143,-0.212857,1.170711,0.276713,-0.447000,2.554279,0,0,0,0,0,0,0,0,0
2025-12-12,150,-0.085143,-1.064283,0.989673,-1.222008,60.872387,0.877211,0.661401,0.074510,2025,50,-0.127823,1.917341,4.069024,-0.958671,-2.513848,6.178100,0,0,0,0,0,0,0,0,0
2025-12-19,151,-0.127823,-3.067746,3.032967,0.087543,59.490630,0.857299,3.391515,0.384434,2025,51,2.047782,1.386520,3.647611,-0.362628,-3.839591,4.671502,0,0,0,0,0,0,0,0,0
2025-12-26,152,2.047782,0.298635,1.743939,-1.791413,59.019934,0.850515,2.437483,0.268737,2025,52,-0.647993,2.111204,-1.672241,-1.233278,-6.897994,1.923077,0,0,0,0,0,0,0,0,0
2025-12-31,153,-0.647993,-0.877926,0.231970,-0.520134,37.054481,0.533979,-7.885229,-0.870540,2026,1,2.777193,2.230170,-0.883653,-1.809384,-2.335368,1.598989,0,0,0,0,0,0,0,0,0
2026-01-09,154,2.777193,0.568062,2.196653,-5.364880,85.984408,1.270858,8.317611,0.884244,2026,2,-0.532242,-3.705221,-4.831116,-4.257933,-2.988741,-6.059366,0,0,0,0,0,0,0,0,0
2026-01-16,155,-0.532242,-0.962129,0.434064,-2.499320,223.687960,3.306130,-85.925940,-9.060933,2026,3,-3.189957,-3.045894,-3.869109,-5.824244,-1.584688,-3.251698,0,0,0,0,0,0,0,0,0
2026-01-23,156,-3.189957,-3.539823,0.362705,-5.691564,275.143235,4.066644,-154.805894,-18.028553,2026,4,0.148810,-1.169217,0.446428,-4.166667,2.551021,-1.084183,0,0,0,0,0,0,0,0,0
2026-01-30,157,0.148810,-1.318027,1.486428,3.650892,301.799883,4.460632,-165.815755,-23.772916,2026,5,-1.316069,-0.849077,-0.933985,-5.455318,3.714710,0.849077,0,0,0,0,0,0,0,0,0
2026-02-06,158,-1.316069,-2.674591,1.395856,2.504318,134.001102,1.980549,-17.383765,-3.346019,2026,6,0.473220,1.634760,0.602279,-0.150570,4.925790,1.656271,0,0,0,0,0,0,0,0,0
2026-02-13,159,0.473220,0.387180,0.085708,-2.180754,73.668897,1.088833,-15.613715,-3.072439,2026,7,1.156069,-0.085635,-2.033826,1.455791,4.089060,0.192679,0,0,0,0,0,0,0,0,0
2026-02-27,160,1.156069,0.620852,0.531915,-2.595637,67.003547,0.990319,-14.567724,-2.904043,2026,9,-1.227513,-1.015873,-4.592593,1.206349,4.190477,-0.973545,0,0,0,0,0,0,0,0,0
2026-03-06,161,-1.227513,-2.920635,1.744059,2.580414,87.901613,1.281281,-18.371740,-3.867644,2026,10,0.214270,-1.949861,-4.563960,3.364046,3.771160,-1.092779,0,0,0,0,0,0,0,0,0
2026-03-13,162,0.214270,-2.292693,2.565789,1.012265,59.721027,0.842135,-6.833553,-1.507800,2026,11,-2.159504,-3.613427,-0.748343,4.468677,3.014754,-2.095360,0,0,0,0,0,0,0,0,0
2026-03-20,163,-2.159504,-2.223648,0.065602,2.824273,74.493090,1.085834,14.939524,3.464021,2026,12,-1.486014,-2.666083,3.562064,6.599651,8.916085,0.131118,0,0,0,0,0,0,0,0,0
2026-03-27,164,-1.486014,-3.736888,2.338252,-0.966327,85.952071,1.252864,0.317799,0.072075,2026,13,-1.197870,2.972494,6.078084,7.852707,8.850933,,0,0,0,0,0,0,0,0,0
2026-04-03,165,-1.197870,-1.375333,0.179937,2.160099,56.949220,0.830110,-3.965831,-0.914484,2026,14,4.220925,6.398743,8.307140,10.529861,9.474630,,0,0,0,0,0,0,0,0,0
2026-04-10,166,4.220925,-0.516390,4.761905,-3.402518,66.220410,0.965249,1.646853,0.365099,2026,15,2.089617,3.015941,5.256355,4.330031,4.028436,,0,0,0,0,0,0,0,0,0
2026-04-17,167,2.089617,-0.409306,2.509193,-2.626338,67.908722,0.989859,-13.394695,-2.886833,2026,16,0.907364,1.793627,2.933108,1.667019,-3.165225,,0,0,0,0,0,0,0,0,0
2026-04-24,168,0.907364,-0.232116,1.142132,0.253068,93.351337,1.383882,-33.886143,-7.445785,2026,17,0.878294,2.174822,1.672941,4.224175,-1.693852,,0,0,0,0,0,0,0,0,0
2026-04-30,169,0.878294,-0.564617,1.451104,-2.299207,103.046446,1.455688,-46.651668,-10.833423,2026,18,1.285240,1.119403,2.052239,1.720564,-3.544776,,0,0,0,0,0,0,0,0,0
2026-05-08,170,1.285240,0.580431,0.700742,-3.384454,97.714026,1.319016,-40.379213,-10.280211,2026,19,-0.163733,-0.491199,-0.880064,-0.204666,-2.762996,,0,0,0,0,0,0,0,0,0
2026-05-15,171,-0.163733,-0.695866,0.535862,-1.122416,132.085803,1.646492,-36.156047,-10.244202,2026,20,-0.328003,0.922510,-1.230011,-1.004510,-3.116031,,0,0,0,0,0,0,0,0,0
2026-05-22,172,-0.328003,-1.824518,1.524327,-2.933246,117.683142,1.368914,-27.391171,-8.565480,2026,21,1.254628,-0.390785,2.509256,-5.614973,-3.743315,,0,0,0,0,0,0,0,0,0
2026-05-29,173,1.254628,0.082271,1.171393,3.316229,103.969611,1.195836,-18.964314,-6.509670,2026,22,-1.625025,-2.132845,-0.325005,-4.509446,-4.956328,,0,0,0,0,0,0,0,0,0
2026-06-05,174,-1.625025,-1.990656,0.373057,0.357671,91.763313,1.012544,-0.976462,-0.366549,2026,23,-0.516209,2.911418,0.681395,-3.923188,-4.687179,,0,0,0,0,0,0,0,0,0
2026-06-12,175,-0.516209,-2.849473,2.401700,1.462668,81.442532,0.879915,4.708748,1.782221,2026,24,3.445413,1.847239,0.228310,-1.390619,-4.960566,,0,0,0,0,0,0,0,0,0
2026-06-18,176,3.445413,0.435866,2.996487,-7.382137,85.144257,0.947812,-15.707132,-5.490870,2026,25,-1.544944,-2.166935,-7.925362,-5.176565,-8.065812,,0,0,0,0,0,0,0,0,0
2026-06-26,177,-1.544944,-2.086677,0.553279,-2.531517,134.188174,1.543691,-37.066784,-13.639578,2026,26,-0.631751,-1.589567,-4.198085,-4.626045,,,0,0,0,0,0,0,0,0,0
2026-07-03,178,-0.631751,-1.609945,0.994200,0.363166,116.382708,1.338858,-14.380935,-6.161069,2026,27,-0.963905,-5.885972,-4.573420,-4.040197,,,0,0,0,0,0,0,0,0,0
2026-07-10,179,-0.963905,-2.030353,1.088549,0.825778,111.589613,1.283719,9.112217,4.136119,2026,28,-4.969973,-2.650652,-1.615241,-4.410852,,,0,0,0,0,0,0,0,0,0
2026-07-17,180,-4.969973,-5.860427,0.945886,10.158218,169.843793,1.890673,60.011528,29.388369,2026,29,2.440619,1.394640,2.985400,-0.217913,,,1,0,0,0,0,0,0,0,0
2026-07-24,181,2.440619,-0.261495,2.709198,2.504985,195.744427,2.114845,19.741290,7.310468,2026,30,-1.021059,1.063604,-0.446713,-2.531378,,,0,1,2,1,1,1,0,0,0
2026-07-31,182,-1.021059,-3.509892,2.579365,1.809245,169.837421,1.777794,31.628486,11.241866,2026,31,2.106168,1.568880,0.558779,,,,1,0,0,0,0,0,0,0,0
2026-08-07,183,2.106168,-1.332474,3.485080,-5.602606,128.458353,1.279718,-23.876492,-7.292843,2026,32,-0.526205,-1.494422,-2.841508,,,,0,0,0,0,0,0,0,0,0
2026-08-14,184,-0.526205,-1.052410,0.531802,-0.936150,80.949413,0.782059,-18.882655,-6.259445,2026,33,-0.973339,-0.994499,-3.110454,,,,0,0,0,0,0,0,0,0,0
2026-08-21,185,-0.973339,-2.094795,1.145451,1.556886,96.235801,0.929742,1.604699,0.579256,2026,34,-0.021368,-1.367522,-2.094019,,,,0,0,0,0,0,0,0,0,0
2026-08-28,186,-0.021368,-1.987179,2.005668,-0.235963,85.879581,0.829690,1.187496,0.423991,2026,35,-1.346442,-2.137209,,,,,0,0,0,0,0,0,0,0,0
2026-09-04,187,-1.346442,-1.709767,0.369646,2.933800,80.944723,0.782014,5.355456,1.958276,2026,36,-0.801560,-0.736569,,,,,0,0,0,0,0,0,0,0,0
2026-09-11,188,-0.801560,-1.819757,1.037070,-0.145348,78.698693,0.760315,2.677361,0.971826,2026,37,0.065516,,,,,,0,0,0,0,0,0,0,0,0
2026-09-18,189,0.065516,-2.052850,2.162765,-4.434308,83.936810,0.810921,6.864558,2.400725,2026,38,,,,,,,0,0,0,0,0,0,0,0,0
